{"cameraMode":{"drawMode":0,"name":"Shaded","section":"Shading Mode"},"sceneLighting":true,"audioPlay":false,"sceneViewState":{"showFog":true,"showMaterialUpdate":false,"showSkybox":true,"showFlares":true,"showImageEffects":true,"showParticleSystems":true},"in2DMode":false,"pivot":{"x":1.1607742309570313,"y":1.0214884281158448,"z":0.7960349917411804},"rotation":{"x":-0.019714919850230218,"y":0.4481138586997986,"z":-0.009565990418195725,"w":-0.8938465714454651},"size":0.4498339891433716,"orthographic":false}