{"cameraMode":{"drawMode":0,"name":"Shaded","section":"Shading Mode"},"sceneLighting":false,"audioPlay":false,"sceneViewState":{"showFog":true,"showMaterialUpdate":false,"showSkybox":false,"showFlares":true,"showImageEffects":true,"showParticleSystems":true},"in2DMode":false,"pivot":{"x":0.0,"y":0.6499999165534973,"z":-7.450580596923828e-8},"rotation":{"x":0.0019902049098163845,"y":0.9973263740539551,"z":0.06711234152317047,"w":-0.02962765283882618},"size":1.1191514730453492,"orthographic":false}