{"cameraMode":{"drawMode":0,"name":"Shaded","section":"Shading Mode"},"sceneLighting":true,"audioPlay":false,"sceneViewState":{"showFog":true,"showMaterialUpdate":false,"showSkybox":false,"showFlares":true,"showImageEffects":true,"showParticleSystems":true},"in2DMode":false,"pivot":{"x":2.5932278633117677,"y":1.4670000076293946,"z":1.2820959091186524},"rotation":{"x":-0.10731424391269684,"y":0.6113706827163696,"z":-0.08416710793972016,"w":-0.7795054316520691},"size":1.7414531707763672,"orthographic":false}